# For information only — Auto-generated by Pushword, DO NOT EDIT (changes will be overwritten)
slug,h1,publishedAt,locale,parentPage,tags,filter_twig,headers,main_content_filters,prose,raw,toc,twig
agent-output,"Agent-optimized CLI output","2026-06-25 10:00",en,,,,,,,,,
ai-index,"AI Content Index","2026-04-25 12:00",en,,,,,,,,,
architecture,"The Code Architecture","2025-12-21 21:55",en,,,,,,,,,
authentication,Authentication,"2025-01-22 12:00",en,,,,,,,,,
background-tasks,"Background Tasks","2026-01-30 15:07",en,,,,,,,,,
blog/astro-vs-pushword,"Astro & Pushword: Two Answers to the Content-Driven Web","2026-08-02 10:00",en,blog,,,,,,,,
blog/best-rust-cms,"Best Rust CMS in 2026: Pure Rust, Wasm, or Hybrid?","2026-09-13 00:00",en,blog,,,,,,,,
blog/cms-comparison,"Choosing the Right CMS: Pushword vs WordPress, Statamic & Sulu","2025-12-28 17:25",en,blog,,,,,,,,
blog/typo3-alternative,"A TYPO3 Alternative, Explained to TYPO3 People","2026-08-05 10:00",en,blog,,,,,,,,
blog,Blog,"2026-08-05 10:00",en,,,,,,,,,
contribute,Contribute,"2025-12-21 21:55",en,,,,,,,,,
database-benchmarks,"Database and pipeline benchmarks","2026-08-17 12:00",en,,,,,,,,,
docker,Docker,"2026-08-04 12:00",en,installation,,,,,,,,
editor,"Editor Hidden Super Power<br><small>and Markdown Cheatsheet</small>","2025-12-21 21:55",en,,,,,,,,,
extension/admin-block-editor,"Admin Block Editor","2025-12-21 21:55",en,,,,,,,,,
extension/admin-menu,"Configure the Admin Menu","2025-12-21 21:55",en,,,,,,,,,
extension/admin,Admin,"2025-12-21 21:55",en,,,,,,,,,
extension/advanced-main-image,"Advanced Main Image","2025-12-21 21:55",en,,,,,,,,,
extension/api,API,"2026-06-01 10:00",en,,,,,,,,,
extension/conversation,Conversation,"2026-03-02 19:16",en,extensions,,,,,,,,
extension/flat-git-workflow,"Git-Integrated Content Workflow","2026-01-23 08:07",en,,,,,,,,,
extension/flat,Flat,"2025-12-21 21:55",en,,,,,,,,,
extension/link-improver,"Link Improver","2026-08-04 12:00",en,,,,,,,,,
extension/newsletter,Newsletter,"2026-07-27 10:00",en,,,,,,,,,
extension/page-cache,"Page Cache","2026-04-23 10:00",en,,,,,,,,,
extension/page-scanner,"Page Scanner","2025-12-21 21:55",en,,,,,,,,,
extension/page-update-notifier,"Page Update Notifier","2025-12-21 21:55",en,,,,,,,,,
extension/quiz,Quiz,"2026-06-10 12:00",en,extensions,,,,,,,,
extension/repurpose,Repurpose,"2026-07-21 12:00",en,extensions,,,,,,,,
extension/search,Search,"2026-05-25 10:00",en,,,,,,,,,
extension/snippet,Snippet,"2026-05-24 10:00",en,,,,,,,,,
extension/static-generator,"Static Generator","2025-12-21 21:55",en,,,,,,,,,
extension/template-editor,"Template Editor","2025-12-21 21:55",en,,,,,,,,,
extension/version,Version,"2025-12-21 21:55",en,,,,,,,,,
extensions,"Find your missing feature with a Pushword Extension","2025-12-21 21:55",en,,,,,,,,,
homepage,"Finally, a CMS that gets out of your way","2025-12-21 21:55",en,,,,,,,,,
image-license,"Image license metadata","2026-07-26 12:00",en,,,,,,,,,
installation,Installation,"2025-12-21 21:55",en,,,,,,,,,
license,"License and contributors","2025-12-21 21:55",en,,,,,,,,,
link-collector,"Link Collector<br> <small>Prevent duplicate page links</small>","2026-01-23 00:00",en,,,,,,,,,
manage-assets,"Managing Assets (css/js)","2025-12-21 21:55",en,themes,,,,,,,,
markdown-block,"Markdown Block","2025-12-21 21:55",en,,,,,,,,,
media-api,"Media Metadata API","2025-02-26 12:00",en,,,,,,,,,
media-usage,"Media usage","2026-08-04 10:00",en,,,,,,,,,
native-acceleration,"Porting Pushword functionality to Rust while keeping PHP","2026-09-12 00:00",en,,,,,,,,,
override-theme,"Customize the current theme","2025-12-21 21:55",en,,,,,,,,,
page-properties,"Declared page properties","2026-08-01 10:00",en,,,,,,,,,
pages-list,"Create Page List<br> <small>Advanced filtering</small>","2025-12-21 21:55",en,,,,,,,,,
performance,"Performance & worker mode","2026-06-09 12:00",en,,,,,,,,,
pro,"Getting help","2025-12-21 21:55",en,,,,,,,,,
roadmap,Roadmap,"2025-12-23 05:48",en,,,,,,,,,
search.json,search.json,"2025-12-21 21:55",en,,,,,,,,,
security,Security,"2026-09-04 20:00",en,installation,,,,,,,,
storage,Storage,"2025-12-21 21:55",en,,,,,,,,,
svg,SVG,"2025-12-21 21:55",en,,,,,,,,,
themes,Themes,"2025-12-21 21:55",en,,,,,,,,,
unpublished-links,"Unpublished Links<br> <small>Hide draft targets from visitors, restore them for editors</small>","2026-05-28 12:00",en,,,,,,,,,
upgrade/1.0.0,"Upgrade to 1.0.0","2026-09-04 22:34",en,upgrade,,,,,,,,
upgrade/1.0.4,"Upgrade to 1.0.4","2026-09-13 15:01",en,upgrade,,,,,,,,
upgrade/rc247,"Upgrade to 1.0.0-rc247","2025-12-11 12:00",en,upgrade,,,,,,,,
upgrade/rc294,"Upgrade to 1.0.0-rc294","2025-12-12 12:00",en,upgrade,,,,,,,,
upgrade/rc333,"Upgrade to 1.0.0-rc333","2026-01-16 14:40",en,upgrade,,,,,,,,
upgrade/rc341,"Upgrade to 1.0.0-rc341","2026-01-18 12:00",en,upgrade,,,,,,,,
upgrade/rc371,"Upgrade to 1.0.0-rc371","2026-01-30 12:00",en,upgrade,,,,,,,,
upgrade/rc372,"Upgrade to 1.0.0-rc372","2026-01-30 13:00",en,upgrade,,,,,,,,
upgrade/rc437,"Upgrade to 1.0.0-rc437","2026-02-24 12:00",en,upgrade,,,,,,,,
upgrade/rc555,"Upgrade to 1.0.0-rc555","2026-03-30 12:00",en,upgrade,,,,,,,,
upgrade/rc564,"Upgrade to 1.0.0-rc564","2026-04-07 12:00",en,upgrade,,,,,,,,
upgrade/rc589,"Upgrade to 1.0.0-rc589","2026-04-19 12:00",en,upgrade,,,,,,,,
upgrade/rc621,"Upgrade to 1.0.0-rc621","2026-05-28 12:00",en,upgrade,,,,,,,,
upgrade/rc623,"Upgrade to 1.0.0-rc623","2026-06-01 12:00",en,upgrade,,,,,,,,
upgrade/rc627,"Upgrade to 1.0.0-rc627","2026-06-01 13:00",en,upgrade,,,,,,,,
upgrade/rc637,"Upgrade to 1.0.0-rc637","2026-06-02 12:00",en,upgrade,,,,,,,,
upgrade/rc650,"Upgrade to 1.0.0-rc650","2026-06-09 12:00",en,upgrade,,,,,,,,
upgrade/rc673,"Upgrade to 1.0.0-rc673","2026-06-23 12:00",en,upgrade,,,,,,,,
upgrade/rc757,"Upgrade to 1.0.0-rc757","2026-07-21 12:00",en,upgrade,,,,,,,,
upgrade/rc769,"Upgrade to 1.0.0-rc769","2026-07-23 12:00",en,upgrade,,,,,,,,
upgrade/rc784,"Upgrade to 1.0.0-rc784","2026-07-27 12:00",en,upgrade,,,,,,,,
upgrade/rc785,"Upgrade to 1.0.0-rc785","2026-07-27 13:00",en,upgrade,,,,,,,,
upgrade/rc787,"Upgrade to 1.0.0-rc787","2026-07-27 14:00",en,upgrade,,,,,,,,
upgrade/rc79,"Upgrade to 1.0.0-rc79","2025-08-28 12:00",en,upgrade,,,,,,,,
upgrade/rc796,"Upgrade to 1.0.0-rc796","2026-07-31 12:00",en,upgrade,,,,,,,,
upgrade/rc798,"Upgrade to 1.0.0-rc798","2026-08-01 10:00",en,upgrade,,,,,,,,
upgrade/rc799,"Upgrade to 1.0.0-rc799","2026-08-01 11:00",en,upgrade,,,,,,,,
upgrade/rc80,"Upgrade to 1.0.0-rc80","2025-11-07 12:00",en,upgrade,,,,,,,,
upgrade/rc802,"Upgrade to 1.0.0-rc802","2026-08-01 12:00",en,upgrade,,,,,,,,
upgrade/rc803,"Upgrade to 1.0.0-rc803","2026-08-01 13:00",en,upgrade,,,,,,,,
upgrade/rc804,"Upgrade to 1.0.0-rc804","2026-08-01 14:00",en,upgrade,,,,,,,,
upgrade/rc805,"Upgrade to 1.0.0-rc805","2026-08-01 15:00",en,upgrade,,,,,,,,
upgrade/rc807,"Upgrade to 1.0.0-rc807","2026-08-01 16:00",en,upgrade,,,,,,,,
upgrade/rc808,"Upgrade to 1.0.0-rc808","2026-08-01 17:00",en,upgrade,,,,,,,,
upgrade/rc812,"Upgrade to 1.0.0-rc812","2026-08-01 18:00",en,upgrade,,,,,,,,
upgrade/rc819,"Upgrade to 1.0.0-rc819","2026-08-02 12:00",en,upgrade,,,,,,,,
upgrade/rc823,"Upgrade to 1.0.0-rc823","2026-08-02 15:40",en,upgrade,,,,,,,,
upgrade/rc825,"Upgrade to 1.0.0-rc825","2026-08-02 19:00",en,upgrade,,,,,,,,
upgrade/rc827,"Upgrade to 1.0.0-rc827","2026-08-02 19:48",en,upgrade,,,,,,,,
upgrade/rc828,"Upgrade to 1.0.0-rc828","2026-08-02 20:10",en,upgrade,,,,,,,,
upgrade/rc829,"Upgrade to 1.0.0-rc829","2026-08-02 20:35",en,upgrade,,,,,,,,
upgrade/rc830,"Upgrade to 1.0.0-rc830","2026-08-03 07:03",en,upgrade,,,,,,,,
upgrade/rc831,"Upgrade to 1.0.0-rc831","2026-08-03 19:11",en,upgrade,,,,,,,,
upgrade/rc832,"Upgrade to 1.0.0-rc832","2026-08-04 11:57",en,upgrade,,,,,,,,
upgrade/rc833,"Upgrade to 1.0.0-rc833","2026-08-04 16:31",en,upgrade,,,,,,,,
upgrade/rc834,"Upgrade to 1.0.0-rc834","2026-08-04 17:41",en,upgrade,,,,,,,,
upgrade/rc835,"Upgrade to 1.0.0-rc835","2026-08-04 18:26",en,upgrade,,,,,,,,
upgrade/rc837,"Upgrade to 1.0.0-rc837","2026-08-04 18:55",en,upgrade,,,,,,,,
upgrade/rc838,"Upgrade to 1.0.0-rc838","2026-08-04 19:31",en,upgrade,,,,,,,,
upgrade/rc839,"Upgrade to 1.0.0-rc839","2026-08-04 20:05",en,upgrade,,,,,,,,
upgrade/rc840,"Upgrade to 1.0.0-rc840","2026-08-04 20:24",en,upgrade,,,,,,,,
upgrade/rc841,"Upgrade to 1.0.0-rc841","2026-08-04 20:43",en,upgrade,,,,,,,,
upgrade/rc842,"Upgrade to 1.0.0-rc842","2026-08-05 06:53",en,upgrade,,,,,,,,
upgrade/rc843,"Upgrade to 1.0.0-rc843","2026-08-05 07:38",en,upgrade,,,,,,,,
upgrade/rc845,"Upgrade to 1.0.0-rc845","2026-08-05 15:43",en,upgrade,,,,,,,,
upgrade/rc848,"Upgrade to 1.0.0-rc848","2026-08-05 16:06",en,upgrade,,,,,,,,
upgrade/rc849,"Upgrade to 1.0.0-rc849","2026-08-06 08:50",en,upgrade,,,,,,,,
upgrade/rc850,"Upgrade to 1.0.0-rc850","2026-08-06 17:07",en,upgrade,,,,,,,,
upgrade/rc851,"Upgrade to 1.0.0-rc851","2026-08-06 19:27",en,upgrade,,,,,,,,
upgrade/rc852,"Upgrade to 1.0.0-rc852","2026-08-08 13:07",en,upgrade,,,,,,,,
upgrade/rc853,"Upgrade to 1.0.0-rc853","2026-08-08 13:25",en,upgrade,,,,,,,,
upgrade/rc856,"Upgrade to 1.0.0-rc856","2026-08-10 17:25",en,upgrade,,,,,,,,
upgrade/rc857,"Upgrade to 1.0.0-rc857","2026-08-10 19:04",en,upgrade,,,,,,,,
upgrade/rc858,"Upgrade to 1.0.0-rc858","2026-08-11 06:46",en,upgrade,,,,,,,,
upgrade/rc864,"Upgrade to 1.0.0-rc864","2026-08-11 09:29",en,upgrade,,,,,,,,
upgrade/rc865,"Upgrade to 1.0.0-rc865","2026-08-12 10:20",en,upgrade,,,,,,,,
upgrade/rc866,"Upgrade to 1.0.0-rc866","2026-08-12 12:34",en,upgrade,,,,,,,,
upgrade/rc868,"Upgrade to 1.0.0-rc868","2026-08-12 15:33",en,upgrade,,,,,,,,
upgrade/rc869,"Upgrade to 1.0.0-rc869","2026-08-12 15:37",en,upgrade,,,,,,,,
upgrade/rc871,"Upgrade to 1.0.0-rc871","2026-08-13 09:28",en,upgrade,,,,,,,,
upgrade/rc872,"Upgrade to 1.0.0-rc872","2026-08-13 10:58",en,upgrade,,,,,,,,
upgrade/rc873,"Upgrade to 1.0.0-rc873","2026-08-13 11:52",en,upgrade,,,,,,,,
upgrade/rc874,"Upgrade to 1.0.0-rc874","2026-08-13 12:08",en,upgrade,,,,,,,,
upgrade/rc875,"Upgrade to 1.0.0-rc875","2026-08-13 12:34",en,upgrade,,,,,,,,
upgrade/rc876,"Upgrade to 1.0.0-rc876","2026-08-13 12:51",en,upgrade,,,,,,,,
upgrade/rc877,"Upgrade to 1.0.0-rc877","2026-08-13 20:35",en,upgrade,,,,,,,,
upgrade/rc878,"Upgrade to 1.0.0-rc878","2026-08-14 10:04",en,upgrade,,,,,,,,
upgrade/rc879,"Upgrade to 1.0.0-rc879","2026-08-14 20:07",en,upgrade,,,,,,,,
upgrade/rc880,"Upgrade to 1.0.0-rc880","2026-08-14 20:29",en,upgrade,,,,,,,,
upgrade/rc882,"Upgrade to 1.0.0-rc882","2026-08-16 19:12",en,upgrade,,,,,,,,
upgrade/rc883,"Upgrade to 1.0.0-rc883","2026-08-17 08:39",en,upgrade,,,,,,,,
upgrade/rc884,"Upgrade to 1.0.0-rc884","2026-08-17 10:16",en,upgrade,,,,,,,,
upgrade/rc888,"Upgrade to 1.0.0-rc888","2026-08-18 19:01",en,upgrade,,,,,,,,
upgrade/rc889,"Upgrade to 1.0.0-rc889","2026-08-19 20:25",en,upgrade,,,,,,,,
upgrade/rc892,"Upgrade to 1.0.0-rc892","2026-08-24 08:44",en,upgrade,,,,,,,,
upgrade/rc894,"Upgrade to 1.0.0-rc894","2026-09-04 07:45",en,upgrade,,,,,,,,
upgrade/rc895,"Upgrade to 1.0.0-rc895","2026-09-04 10:06",en,upgrade,,,,,,,,
upgrade/rc896,"Upgrade to 1.0.0-rc896","2026-09-04 16:04",en,upgrade,,,,,,,,
upgrade/rc897,"Upgrade to 1.0.0-rc897","2026-09-04 20:11",en,upgrade,,,,,,,,
upgrade,"Upgrade Guide","2026-01-30 13:24",en,installation,,,,,,,,
variant-pages,"Variant Pages<br> <small>Consolidate near-duplicate pages onto a master for SEO</small>","2026-06-04 12:00",en,,,,,,,,,
view-transitions,"View Transitions<br> <small>Animate navigations without shipping a router</small>","2026-08-01 12:00",en,,,,,,,,,
